CustomerID,Age,Gender,FaceShape,LensType,FrameMaterial,FrameColor,LensCoating,BridgeWidth(mm),TempleLength(mm),LensWidth(mm),LensHeight(mm),PupilDistance(mm),CustomizationTechnology,OrderDate,DeliveryTime(days),SatisfactionRating,CustomerName
CUST0001,48,Male,Round,Single Vision,Plastic,Tortoise,Scratch Resistant,18.961475689351392,130.85351801266893,53.05567571884733,31.403706926570866,69.08154752438867,AI Customization,2024-11-15,6,3,Gabriel Turner
CUST0002,25,Other,Heart,Progressive,Titanium,Tortoise,Anti-Reflective,19.107818794259718,131.56737044278978,52.69288936643832,31.59222417914459,66.21843247714487,3D Scanning,2024-11-07,14,3,Olivia Green
CUST0003,22,Other,Round,Blue Light Blocking,Metal,Silver,Scratch Resistant,14.554391108424216,143.66250938704508,52.95834930758295,35.663572545998676,62.81403537454374,3D Scanning,2024-09-15,7,2,Julian Morris
CUST0004,43,Male,Heart,Single Vision,Metal,Silver,Anti-Reflective,22.593597826874714,134.0383855994447,49.65403873286137,35.658125330464046,61.75432984687266,3D Scanning,2024-08-14,14,4,Ethan Turner
CUST0005,49,Female,Round,Progressive,Titanium,Black,Anti-Reflective,15.668813926554305,146.45128065753374,55.514300010476106,38.721951541880934,57.50977160601536,AI Customization,2024-08-28,7,3,Gabriel Bailey
CUST0006,22,Female,Square,Blue Light Blocking,Plastic,Black,Scratch Resistant,15.57309981101126,132.95756501467648,51.20633815533607,31.4619905304849,67.81317767013994,3D Scanning,2024-08-17,15,3,Samuel Hall
CUST0007,54,Male,Heart,Progressive,Plastic,Tortoise,UV Protection,21.733289532579846,141.90095309285616,51.30894842521437,37.320044747256,56.87559866098006,3D Scanning,2024-10-12,12,5,Emma Smith
CUST0008,58,Other,Heart,Single Vision,Titanium,Tortoise,UV Protection,22.94268420144262,136.3949897752411,50.781571302589086,39.39175258269873,58.51940788276745,3D Scanning,2024-11-18,10,4,James Allen
CUST0009,61,Female,Heart,Progressive,Titanium,Silver,UV Protection,20.74120431563097,144.5420601836106,53.06929332187075,30.40419826051735,58.77470515002727,3D Scanning,2024-09-08,7,1,Ethan Rivera
CUST0010,21,Other,Square,Single Vision,Metal,Black,Scratch Resistant,15.153336035341354,146.1468733946997,53.50495569730679,37.61472377834038,66.15813017271797,3D Scanning,2024-08-15,9,1,Julian Rivera
CUST0011,27,Male,Round,Blue Light Blocking,Metal,Black,Scratch Resistant,21.407799624564117,131.74054881753014,51.786375925189034,32.317499076043156,66.24609605372676,3D Scanning,2024-10-12,8,1,Emily Rodriguez
CUST0012,27,Male,Heart,Blue Light Blocking,Titanium,Tortoise,UV Protection,14.025685060325108,141.12728407939596,56.17103305719793,32.643571151005865,58.158572372076335,AI Customization,2024-08-31,12,5,Jackson Rogers
CUST0013,54,Female,Round,Progressive,Titanium,Gold,Scratch Resistant,22.586890091220177,141.041083831508,48.78830595754792,32.34018668851319,60.955683749505425,3D Scanning,2024-10-25,7,2,Dylan Scott
CUST0014,37,Female,Square,Single Vision,Plastic,Tortoise,Scratch Resistant,14.12288073037203,147.13248361292494,52.441888764594594,36.68585600009367,56.43330578473871,AI Customization,2024-10-10,13,2,Scarlett Lopez
CUST0015,23,Other,Oval,Blue Light Blocking,Plastic,Gold,UV Protection,14.45981529889737,140.39376355084138,53.73034930587549,35.178852297941305,69.05190492555771,3D Scanning,2024-10-26,5,1,David Peterson
CUST0016,33,Female,Heart,Progressive,Titanium,Black,Scratch Resistant,17.63976496331241,148.34323821566497,48.88019861702541,37.91460457155491,62.097786949772434,AI Customization,2024-10-27,10,4,Jackson Young
CUST0017,25,Male,Square,Blue Light Blocking,Plastic,Tortoise,Scratch Resistant,23.202265452599875,130.24727594652038,52.98456146173687,33.88093109947996,55.80738157328571,AI Customization,2024-10-15,6,5,Emma Rodriguez
CUST0018,53,Male,Round,Blue Light Blocking,Metal,Silver,Anti-Reflective,15.789609337684517,144.00824243173867,51.16061527421376,39.17901944031145,66.56400558319083,AI Customization,2024-10-16,7,1,Natalie King
CUST0019,44,Male,Heart,Single Vision,Plastic,Blue,Anti-Reflective,23.603421453944236,141.7515217546466,57.80670738945703,38.81551981318276,62.85974187012721,3D Scanning,2024-09-13,14,1,David Jones
CUST0020,56,Other,Round,Blue Light Blocking,Titanium,Black,UV Protection,14.353635739748535,145.63371321850923,55.45238964657284,30.399046985848976,69.94020597076988,AI Customization,2024-10-11,7,2,Aria Bailey
CUST0021,56,Female,Oval,Blue Light Blocking,Metal,Black,Anti-Reflective,22.03115486457554,132.25037685251868,48.17769128848935,36.48524748713308,56.55892606032479,3D Scanning,2024-08-14,12,4,Matthew Morris
CUST0022,57,Other,Heart,Single Vision,Metal,Tortoise,Anti-Reflective,21.14020801638557,132.99284639182682,52.03439658972163,31.0322501289648,64.27153257525798,3D Scanning,2024-09-25,11,5,Emily Stewart
CUST0023,32,Other,Heart,Blue Light Blocking,Metal,Blue,Scratch Resistant,20.557032944215038,141.33187854110213,48.35831932404123,39.68441400836206,56.26466899977989,3D Scanning,2024-08-27,11,5,Joseph Allen
CUST0024,51,Female,Round,Blue Light Blocking,Plastic,Blue,Anti-Reflective,16.245153138175755,141.6535417375531,53.4909878969319,36.3356698177492,68.97384370328538,AI Customization,2024-11-05,8,3,Chloe Morgan
CUST0025,42,Male,Heart,Single Vision,Plastic,Blue,Scratch Resistant,16.482631833572434,149.29663329417258,56.25908758423444,32.734953152751345,60.84769312024534,AI Customization,2024-10-17,15,4,Emily Peterson
CUST0026,46,Female,Square,Single Vision,Metal,Tortoise,Anti-Reflective,23.15854764880895,132.0040799565506,55.91783285172308,37.41909707064301,58.440339332155496,3D Scanning,2024-11-01,12,2,Eleanor Rodriguez
CUST0027,46,Female,Square,Blue Light Blocking,Metal,Tortoise,UV Protection,17.199351375643758,132.1126964036649,57.63171248280005,35.78631434920058,66.06389842378071,3D Scanning,2024-10-31,15,3,Matthew Torres
CUST0028,37,Female,Oval,Blue Light Blocking,Plastic,Gold,Scratch Resistant,22.259969955525328,145.59089393928505,54.37538122419998,35.70160151823236,61.64740640220948,AI Customization,2024-10-16,7,2,Lillian Stewart
CUST0029,55,Other,Square,Blue Light Blocking,Plastic,Gold,Anti-Reflective,19.715359626174582,145.71491260619354,56.90110898825063,33.76659569544161,56.8961756078091,3D Scanning,2024-11-06,8,1,Emma Allen
CUST0030,45,Female,Oval,Blue Light Blocking,Metal,Gold,Scratch Resistant,15.194009296748112,147.3495053553035,53.623325720939874,33.78518517056828,62.9011350689662,AI Customization,2024-11-19,14,3,Mia Morris
CUST0031,37,Male,Round,Progressive,Plastic,Silver,UV Protection,20.73325716718592,147.60271569250065,54.545959835609374,35.87678824762527,57.55911976418324,3D Scanning,2024-09-02,10,2,Liam Hernandez
CUST0032,54,Female,Round,Blue Light Blocking,Plastic,Black,UV Protection,14.52672149087074,147.5578712539211,52.56207923221254,38.982266175409336,55.52732471341816,3D Scanning,2024-09-10,5,1,Grace Phillips
CUST0033,57,Male,Oval,Single Vision,Plastic,Gold,Scratch Resistant,16.23185060950652,135.28273260340742,51.40854200447667,30.77837471043042,60.35261864144751,AI Customization,2024-09-16,15,2,Audrey Peterson
CUST0034,21,Male,Square,Single Vision,Plastic,Silver,UV Protection,19.157741306827504,143.095753414271,56.2531099061873,32.51586410226887,68.72908580957368,3D Scanning,2024-11-07,9,4,Isabella Nelson
CUST0035,57,Male,Square,Single Vision,Titanium,Silver,UV Protection,14.459285971081213,141.44046479597125,56.16588686577366,39.72674108350593,67.9636171247238,AI Customization,2024-10-25,6,2,Mia Brown
CUST0036,65,Other,Oval,Single Vision,Titanium,Tortoise,Anti-Reflective,18.009248470435026,139.46093231997872,56.44317439604252,32.22899254533438,62.007902150040294,3D Scanning,2024-09-12,5,4,Alexander Hill
CUST0037,24,Other,Oval,Blue Light Blocking,Titanium,Blue,UV Protection,22.76991238184975,133.44399456313462,51.319726255547316,34.05842202550903,68.06347409716817,AI Customization,2024-10-07,7,2,Scarlett Rivera
CUST0038,31,Other,Round,Blue Light Blocking,Metal,Blue,Anti-Reflective,22.660322299771522,138.05947916863153,55.67416399864539,38.17236765233572,69.0228635749684,3D Scanning,2024-09-11,12,1,Brooklyn Nelson
CUST0039,58,Female,Oval,Progressive,Plastic,Gold,Scratch Resistant,21.735274795058853,142.36488977203595,53.999511515582626,33.450323230539375,63.22817911708857,3D Scanning,2024-10-11,11,4,Liam Scott
CUST0040,31,Other,Square,Blue Light Blocking,Titanium,Black,UV Protection,17.106977740474115,143.6162572642656,55.16658068129176,37.926574534334996,57.02672361987184,AI Customization,2024-10-17,12,5,Evelyn Parker
CUST0041,34,Female,Oval,Single Vision,Plastic,Black,Scratch Resistant,14.863855224333061,138.0343979654882,51.63294547169756,38.87171943517111,69.2272919823553,AI Customization,2024-11-02,9,4,Chloe Jones
CUST0042,60,Male,Oval,Blue Light Blocking,Titanium,Black,UV Protection,18.567461759445756,137.91585488462064,52.52532456174667,30.065976865726483,63.08931352686547,AI Customization,2024-08-22,12,1,Hannah Gonzalez
CUST0043,23,Female,Oval,Progressive,Metal,Silver,Anti-Reflective,17.68919359152549,147.5791526334724,48.9743702232331,38.82034243188562,63.862463898686784,3D Scanning,2024-10-15,13,4,Aiden Rivera
CUST0044,28,Male,Round,Blue Light Blocking,Metal,Silver,UV Protection,16.915950906560326,143.81027508341958,54.58910253806018,34.39898700755878,61.84815130729759,3D Scanning,2024-09-08,8,2,Benjamin Bell
CUST0045,33,Female,Oval,Blue Light Blocking,Titanium,Silver,Scratch Resistant,21.845072172873415,130.98581951048223,48.02196947793343,32.29990766026737,66.2336740235818,AI Customization,2024-10-20,11,2,Ava Nguyen
CUST0046,29,Other,Heart,Single Vision,Metal,Tortoise,UV Protection,21.39575986733418,139.50436382306142,51.551389785847356,35.14541273142971,68.15940565213387,AI Customization,2024-10-30,15,5,Natalie Clark
CUST0047,53,Male,Heart,Progressive,Plastic,Silver,Anti-Reflective,16.42583993553569,135.37168709889522,54.336611804696446,32.80809508349874,61.52466057130618,3D Scanning,2024-11-11,11,4,Zoey Baker
CUST0048,22,Female,Heart,Blue Light Blocking,Plastic,Black,Scratch Resistant,17.682736276961187,137.44881391826763,55.99912715643522,31.502404077865606,64.59679763460848,AI Customization,2024-10-12,12,2,Levi Baker
CUST0049,28,Female,Square,Blue Light Blocking,Metal,Black,Anti-Reflective,23.718577451509287,136.75732162853865,53.47690581694134,31.573573526905697,63.00676196549028,3D Scanning,2024-09-03,9,4,Eleanor Morgan
CUST0050,18,Other,Square,Progressive,Plastic,Blue,UV Protection,23.977871162639055,145.87304119811282,51.73890360460401,36.02020276466777,68.63384727543239,AI Customization,2024-10-08,7,3,Logan Green
CUST0051,44,Other,Oval,Blue Light Blocking,Titanium,Black,UV Protection,21.75885955955255,136.21898595695893,49.06322229249612,38.16955075549559,62.22477524053322,AI Customization,2024-09-12,13,2,Alexander Morgan
CUST0052,46,Other,Heart,Progressive,Titanium,Silver,Anti-Reflective,21.324633367392664,146.85693137222813,56.968771186780586,36.61109642910557,58.40692666970653,3D Scanning,2024-09-25,11,4,Penelope Peterson
CUST0053,62,Female,Round,Progressive,Titanium,Silver,Scratch Resistant,19.465592426097558,147.16469566467148,52.924221421811666,34.14613685095106,56.34331033846665,3D Scanning,2024-11-14,5,2,Matthew Martinez
CUST0054,56,Other,Heart,Single Vision,Plastic,Gold,Anti-Reflective,21.959735411787545,143.69704054269454,56.21838659918726,33.30224765243051,59.61802278076671,3D Scanning,2024-11-04,9,3,Zoey Morris
CUST0055,48,Female,Heart,Blue Light Blocking,Titanium,Tortoise,Scratch Resistant,15.505663767932198,149.44993285371362,55.425108903762634,31.13338697563981,61.18305708391298,AI Customization,2024-11-17,12,3,Ella Hernandez
CUST0056,36,Other,Square,Progressive,Metal,Black,Scratch Resistant,23.323975325378484,134.55914827203534,52.09210757218015,36.752294263155356,57.33576308603282,3D Scanning,2024-09-21,11,2,John Lee
CUST0057,20,Female,Square,Progressive,Titanium,Tortoise,Scratch Resistant,14.239102559760044,136.0096089503496,50.5428931125143,34.79021163364529,55.158337280164545,3D Scanning,2024-08-26,15,3,Carter Scott
CUST0058,32,Male,Round,Progressive,Plastic,Black,Anti-Reflective,19.415451999487257,144.87447283314327,49.95921467151816,35.90790898809182,62.84974360637886,3D Scanning,2024-11-14,10,2,Matthew Gomez
CUST0059,36,Other,Square,Single Vision,Plastic,Blue,Scratch Resistant,20.35941839512989,145.4806180038785,49.20745807366194,36.47259234140552,66.37440173118708,AI Customization,2024-11-07,13,1,David Mitchell
CUST0060,63,Male,Round,Blue Light Blocking,Titanium,Blue,Anti-Reflective,20.934608062893048,136.41736630639733,56.52194371766571,34.108992071632,57.04450681923534,AI Customization,2024-10-02,15,5,Daniel Clark
CUST0061,36,Female,Square,Single Vision,Metal,Tortoise,Anti-Reflective,14.095948200746644,144.5759882653911,50.15589504368946,32.436703074212694,59.30143372742809,AI Customization,2024-11-14,5,1,Ava Perez
CUST0062,62,Male,Heart,Single Vision,Metal,Silver,Anti-Reflective,17.35017368208334,142.099582649105,56.245541437076064,31.27885114949096,63.026483320629275,AI Customization,2024-11-09,6,3,James Torres
CUST0063,47,Other,Heart,Progressive,Metal,Gold,UV Protection,21.589291532136784,131.78573700605864,49.90578764057069,35.92347660371133,65.31654945635293,3D Scanning,2024-09-27,13,2,Charlotte Gonzalez
CUST0064,22,Other,Round,Progressive,Plastic,Black,UV Protection,17.762748304680436,138.83433196118332,51.379335485977364,31.3472404800013,62.378974811765275,3D Scanning,2024-10-01,15,1,Addison Edwards
CUST0065,61,Female,Round,Progressive,Metal,Black,UV Protection,21.380826601923633,148.2686561083748,55.57149341810273,35.12642816001109,66.3320905130804,AI Customization,2024-10-29,10,4,Sebastian Peterson
CUST0066,32,Other,Square,Progressive,Plastic,Gold,Scratch Resistant,17.07510637521364,138.14340721680892,48.465003619091696,38.90797671469072,59.4941577698066,AI Customization,2024-08-22,11,4,Julian Parker
CUST0067,34,Male,Square,Single Vision,Titanium,Tortoise,UV Protection,16.051943729058987,139.68920659415323,54.33240467589097,31.468651000850798,66.48803805154957,AI Customization,2024-09-05,14,4,Lucy Collins
CUST0068,58,Other,Round,Progressive,Titanium,Tortoise,UV Protection,23.831157418948976,140.33002836513356,54.721417724252575,31.663413663078817,66.9694716438192,AI Customization,2024-09-06,15,2,Isaac Edwards
CUST0069,55,Male,Round,Blue Light Blocking,Plastic,Black,UV Protection,18.198158420028452,137.4782041938629,49.23219190330395,39.22446870655101,63.955056283386284,3D Scanning,2024-09-01,9,3,Penelope Bell
CUST0070,60,Other,Heart,Single Vision,Plastic,Blue,Scratch Resistant,23.611850608877468,131.12411640812005,56.91754354912822,35.16640692638146,66.95151075801454,AI Customization,2024-08-24,10,2,Logan Rodriguez
CUST0071,30,Female,Heart,Progressive,Titanium,Gold,Anti-Reflective,23.72559235967392,145.82980784162467,52.573878769461565,34.05456316466313,63.22318293604745,3D Scanning,2024-08-23,9,3,Scarlett Phillips
CUST0072,45,Other,Round,Blue Light Blocking,Titanium,Black,UV Protection,15.423734852049684,131.31233935223864,53.893161666109435,39.69243687120115,57.82856468987493,AI Customization,2024-09-24,9,5,Brooklyn Jones
CUST0073,25,Female,Heart,Progressive,Plastic,Blue,Anti-Reflective,16.798252708690363,144.1913879672878,53.04197576155037,36.37622706730813,68.23243102735516,AI Customization,2024-09-03,6,2,Mason Lee
CUST0074,52,Other,Oval,Blue Light Blocking,Titanium,Tortoise,Anti-Reflective,14.439002657031596,138.06770282024888,57.638547561975464,38.785089829530364,61.55659549624682,3D Scanning,2024-10-06,9,5,Wyatt Johnson
CUST0075,32,Female,Square,Progressive,Titanium,Blue,Anti-Reflective,16.31472573409136,145.61032859255303,48.04337627666923,37.27974315447696,58.748441766567844,AI Customization,2024-10-12,15,2,Emily Nelson
CUST0076,59,Male,Heart,Progressive,Metal,Silver,Anti-Reflective,22.455042356234728,140.4857243417699,55.362139303130775,38.21303310122003,65.72406974477148,3D Scanning,2024-10-09,14,5,Ethan Peterson
CUST0077,27,Male,Oval,Single Vision,Metal,Black,UV Protection,18.13056803501002,141.37344599201504,53.53226328904243,39.47253868622694,64.6898619893629,3D Scanning,2024-10-26,11,5,Matthew Lee
CUST0078,35,Male,Round,Progressive,Titanium,Gold,Scratch Resistant,22.955779401398598,133.47474712025576,52.328103798539644,32.16593417891885,67.42640283461937,AI Customization,2024-08-21,12,2,Eleanor Carter
CUST0079,27,Male,Heart,Blue Light Blocking,Titanium,Blue,UV Protection,18.584580285441486,147.50361112250835,53.85120711348444,36.06525897925912,58.3088863934927,AI Customization,2024-08-15,15,1,Audrey Nguyen
CUST0080,22,Female,Round,Blue Light Blocking,Metal,Tortoise,Scratch Resistant,21.478993988402365,134.01453552201042,57.24370873781539,34.71413454914856,56.18814599762552,3D Scanning,2024-08-27,8,4,Carter Bell
CUST0081,21,Female,Square,Single Vision,Titanium,Blue,UV Protection,19.80770627376266,131.1525503172711,55.810814970818335,34.816683990550544,64.37984521384111,3D Scanning,2024-09-13,15,5,Daniel Lopez
CUST0082,28,Male,Round,Progressive,Plastic,Tortoise,UV Protection,19.054277638607758,130.66142089015972,57.10181486436743,32.193638148185876,62.74915092787202,AI Customization,2024-11-10,14,4,Isaac Green
CUST0083,37,Male,Oval,Single Vision,Titanium,Silver,Anti-Reflective,20.37215680032692,131.0111856338428,54.91817712624031,34.107668519082566,66.99938605464486,3D Scanning,2024-08-16,8,2,Emma Bailey
CUST0084,56,Male,Round,Progressive,Titanium,Tortoise,Scratch Resistant,17.943512892337925,137.2075016356459,49.736502701826,31.427121370629674,64.19824329848308,AI Customization,2024-08-15,13,5,Eleanor Rodriguez
CUST0085,65,Other,Oval,Single Vision,Plastic,Gold,UV Protection,19.918957633362766,133.982195447978,56.15244154098494,35.826461376283554,65.40886838189962,3D Scanning,2024-09-22,10,4,Charlotte Lee
CUST0086,54,Male,Heart,Progressive,Metal,Silver,Scratch Resistant,14.622828635199582,137.36703855149543,49.03553961123568,37.674901126465514,59.07797675036008,3D Scanning,2024-09-09,15,4,Lucy Peterson
CUST0087,36,Female,Heart,Progressive,Titanium,Blue,Scratch Resistant,20.62443928153949,139.28436927573776,54.575218111317305,36.23211738911634,64.72685561436343,AI Customization,2024-11-04,7,3,James Peterson
CUST0088,46,Female,Oval,Single Vision,Metal,Black,UV Protection,15.307082864401618,137.93884555032994,54.061607739530196,35.10804908458297,62.97916399040915,AI Customization,2024-11-09,10,1,Charlotte Green
CUST0089,25,Female,Square,Single Vision,Metal,Tortoise,Scratch Resistant,16.916760240569033,148.4614713674594,51.21843761981354,31.677217015935987,59.032330372881574,AI Customization,2024-08-23,13,4,Isabella Perez
CUST0090,47,Other,Square,Single Vision,Titanium,Gold,UV Protection,22.509137057886193,143.62348720886754,56.813905670096176,36.85591163804168,57.82000938655608,AI Customization,2024-09-22,5,2,Isabella Garcia
CUST0091,62,Other,Square,Single Vision,Titanium,Black,UV Protection,23.260419517816366,134.83876189179222,52.186647458337305,39.22351944844947,56.02695929062447,3D Scanning,2024-11-08,15,2,Joseph Peterson
CUST0092,37,Other,Heart,Progressive,Metal,Black,Anti-Reflective,17.9295267090742,139.77573478133135,54.08993693559693,35.965333624973596,57.049360493897865,3D Scanning,2024-09-23,5,3,Natalie Rodriguez
CUST0093,62,Other,Heart,Progressive,Titanium,Silver,Anti-Reflective,22.318998346876565,138.92206865215059,54.92515535372307,30.688428970412446,56.655345257769454,3D Scanning,2024-10-12,6,4,Sophia Johnson
CUST0094,43,Female,Square,Blue Light Blocking,Titanium,Blue,Scratch Resistant,17.262515687797794,149.21040756560575,50.48238789093464,33.78211352120801,61.83014518965737,3D Scanning,2024-08-25,5,5,Aiden Evans
CUST0095,35,Other,Round,Progressive,Metal,Black,Anti-Reflective,18.52757852315574,139.49164578123097,51.97869996455263,31.322131984574355,61.791508488968105,3D Scanning,2024-08-30,11,2,Natalie Roberts
CUST0096,50,Other,Square,Single Vision,Metal,Gold,Scratch Resistant,16.33611226638313,141.02667441215513,51.42858806032625,30.165626272734148,65.50708896921059,AI Customization,2024-08-22,6,5,Olivia Gonzalez
CUST0097,52,Other,Round,Single Vision,Plastic,Tortoise,UV Protection,23.435546860300946,136.884980077075,50.94173542058808,35.227113430171585,62.37994021040828,3D Scanning,2024-08-14,13,2,Ava Williams
CUST0098,49,Male,Square,Progressive,Titanium,Tortoise,Anti-Reflective,15.361118464167191,146.75307540513455,56.04796830813377,39.09339223089513,59.809655847332856,AI Customization,2024-09-22,6,5,Addison Rogers
CUST0099,46,Female,Round,Blue Light Blocking,Plastic,Tortoise,UV Protection,21.70146620159656,135.17319854333417,49.38180005645346,36.84367831198834,57.28223957676054,3D Scanning,2024-09-21,15,1,Hannah Morris
CUST0100,23,Other,Heart,Blue Light Blocking,Metal,Silver,Anti-Reflective,15.089728337184381,146.61740402711192,54.02524449676382,38.26514185589263,69.5457432644409,3D Scanning,2024-10-22,12,4,Liam Evans
CUST0101,56,Male,Square,Progressive,Titanium,Gold,Anti-Reflective,15.056577501026911,131.80783842281542,56.86436855408749,36.05511017861207,55.331963284232195,AI Customization,2024-10-23,10,1,Mason Allen
CUST0102,20,Female,Square,Single Vision,Metal,Black,Anti-Reflective,18.495667477403217,130.5490097979554,53.122946225025736,31.774221843173294,69.5849890748717,3D Scanning,2024-11-02,8,1,Olivia Jones
CUST0103,45,Other,Oval,Single Vision,Titanium,Gold,UV Protection,17.14033287812118,130.9930208568137,56.430744312814944,39.016082183625414,59.23171806363707,3D Scanning,2024-09-03,9,4,Ethan Rogers
CUST0104,65,Female,Square,Progressive,Titanium,Silver,Scratch Resistant,15.207367370719055,147.07642653171092,53.47805971359518,35.99813796870683,56.87558804249718,3D Scanning,2024-10-18,9,5,John Bell
CUST0105,38,Female,Round,Blue Light Blocking,Plastic,Silver,Anti-Reflective,17.582874459373556,145.59660270287358,51.13910795091647,38.77752637742968,61.57624953170572,AI Customization,2024-10-05,8,1,Ava Rodriguez
CUST0106,56,Male,Oval,Progressive,Metal,Blue,UV Protection,21.70336748716505,134.2863717462288,55.36818648394287,35.314299501726715,55.123061340243794,3D Scanning,2024-10-01,5,4,Brooklyn Nguyen
CUST0107,34,Other,Square,Progressive,Titanium,Gold,Scratch Resistant,18.51917076917795,134.42702154031096,53.53581562881047,37.52383151035878,56.35295474723171,3D Scanning,2024-10-28,5,5,Elijah Morris
CUST0108,19,Female,Square,Progressive,Plastic,Tortoise,Scratch Resistant,18.63346595056414,134.5022408183955,50.17342557019659,30.93189965801246,55.220872703222135,AI Customization,2024-08-23,14,4,Dylan Gonzalez
CUST0109,23,Male,Heart,Progressive,Metal,Silver,Anti-Reflective,22.52482185661149,134.13461972312385,50.097126962555016,36.593926111633245,58.25782127774278,AI Customization,2024-08-27,6,4,Benjamin Rogers
CUST0110,32,Female,Oval,Single Vision,Plastic,Silver,UV Protection,14.90420888048525,143.03174665711927,55.14384535629895,39.01984755720754,61.30364540721215,AI Customization,2024-10-09,5,1,Ella Johnson
CUST0111,61,Female,Round,Single Vision,Metal,Blue,UV Protection,22.075969046805415,140.26562467516248,54.86611297319037,35.392859863305226,66.78588008129549,AI Customization,2024-10-10,14,4,Noah Hernandez
CUST0112,54,Male,Square,Progressive,Titanium,Tortoise,Scratch Resistant,17.04214982885023,147.29259860222095,57.21191764417095,30.012002058101366,62.47593633807787,AI Customization,2024-09-23,15,4,Lucy Bailey
CUST0113,55,Female,Heart,Blue Light Blocking,Plastic,Silver,UV Protection,21.047048039501753,149.34276711457562,49.3267172859114,39.37734840623069,60.570956222379706,AI Customization,2024-09-19,8,2,Savannah King
CUST0114,19,Male,Square,Progressive,Plastic,Black,Scratch Resistant,20.03302486541344,143.643994630709,55.103964436805725,36.78559360274909,65.45402204149492,3D Scanning,2024-11-17,14,1,Savannah Morris
CUST0115,61,Other,Oval,Single Vision,Titanium,Tortoise,Scratch Resistant,16.15020789473688,139.4819441305869,57.751794931167844,34.31496825233431,55.476056821299565,3D Scanning,2024-11-12,15,5,Ella Nelson
CUST0116,35,Female,Round,Single Vision,Metal,Gold,Scratch Resistant,22.565732712134245,132.64628181567363,49.77812699257534,34.20684020000528,56.20334645847376,3D Scanning,2024-09-21,6,1,Mia Torres
CUST0117,54,Other,Heart,Blue Light Blocking,Titanium,Blue,Anti-Reflective,15.483237973690994,133.4640131296429,53.42491478430569,38.748243007320035,66.2585437243779,3D Scanning,2024-11-06,6,4,Aiden Reed
CUST0118,20,Other,Square,Progressive,Plastic,Black,UV Protection,21.111573982851116,146.01729616648907,54.36877434867482,36.976428071395794,57.19131738573741,3D Scanning,2024-10-07,6,2,Sebastian Young
CUST0119,29,Female,Round,Single Vision,Titanium,Black,Anti-Reflective,23.68400004176369,134.47540063446618,55.103527271405255,34.28956264477121,58.997553673645804,3D Scanning,2024-09-20,14,2,Hannah Stewart
CUST0120,48,Male,Square,Single Vision,Plastic,Gold,Scratch Resistant,17.962444626797712,142.16687765793287,55.60775024833067,39.3842162789628,60.88632662647046,AI Customization,2024-09-22,7,3,Sophia Martinez
CUST0121,51,Female,Square,Progressive,Titanium,Blue,UV Protection,14.489506175904227,148.86009936116034,53.62280211451426,34.821234478768375,63.14787925818713,3D Scanning,2024-10-30,11,3,Eleanor Morris
CUST0122,59,Female,Oval,Progressive,Metal,Silver,UV Protection,16.98840710969022,144.25480976209408,53.828062710958584,37.68671671906385,57.72405607911113,3D Scanning,2024-10-15,15,2,Natalie Smith
CUST0123,46,Male,Oval,Blue Light Blocking,Plastic,Blue,Scratch Resistant,22.200896158119782,144.18736392896477,57.42673650884309,33.50517813779772,68.43548467474497,3D Scanning,2024-08-14,15,1,Carter Perez
CUST0124,35,Male,Square,Blue Light Blocking,Plastic,Silver,UV Protection,15.738677325180328,135.5075711643408,55.10123631488367,38.04621038894311,58.751191997965876,3D Scanning,2024-10-07,14,1,Isaac Gonzalez
CUST0125,29,Female,Heart,Blue Light Blocking,Metal,Gold,Scratch Resistant,23.520966068237442,147.90965950138502,54.742434855391735,39.07858876597429,60.72366112786368,AI Customization,2024-09-04,7,4,Evelyn Clark
CUST0126,55,Male,Oval,Progressive,Titanium,Gold,Scratch Resistant,22.546013046220033,147.03172346185283,56.9386600137792,38.37190514033344,55.18923231832253,3D Scanning,2024-09-08,6,3,Dylan Bell
CUST0127,45,Other,Oval,Progressive,Metal,Black,Scratch Resistant,19.559537615483883,139.1799603778122,53.33902803703606,35.76120816899217,69.61897754313189,AI Customization,2024-11-04,7,2,Zoey Smith
CUST0128,58,Male,Oval,Blue Light Blocking,Titanium,Black,Scratch Resistant,19.501208920020808,134.36418108145864,56.77477234954395,34.25489396854364,65.72023781936196,3D Scanning,2024-09-16,9,4,Lillian Martinez
CUST0129,49,Other,Oval,Single Vision,Metal,Black,UV Protection,14.947252769920471,136.04290182548704,52.22386369171029,32.54518028178373,60.77196848815962,AI Customization,2024-11-07,9,5,Wyatt Perez
CUST0130,23,Other,Round,Single Vision,Metal,Gold,Anti-Reflective,15.019073486618455,140.41275796656473,48.127705151046065,37.658588903584544,69.62458321187208,AI Customization,2024-09-30,12,5,Brooklyn Torres
CUST0131,48,Other,Square,Progressive,Plastic,Silver,UV Protection,21.938097427769975,142.4721219237376,49.064704658483876,39.10085356675485,58.70743286657546,3D Scanning,2024-08-21,15,1,Lucy Cooper
CUST0132,40,Male,Round,Single Vision,Plastic,Gold,Anti-Reflective,15.214532555040487,141.68974311684252,51.80870313535085,30.838175809626776,69.91803113745641,AI Customization,2024-11-07,6,4,Emily Hill
CUST0133,44,Male,Round,Progressive,Titanium,Gold,UV Protection,14.616691844938122,130.1469514536133,48.53064999507771,35.982923498508804,57.98769814455896,AI Customization,2024-10-10,15,4,Penelope Morris
CUST0134,39,Female,Square,Blue Light Blocking,Metal,Black,Scratch Resistant,21.80959993470961,149.9885875973635,48.56604774295557,35.43731021945526,66.02984168801412,AI Customization,2024-09-10,12,2,Benjamin Carter
CUST0135,38,Male,Oval,Progressive,Titanium,Blue,UV Protection,16.222881326877715,149.32970908929167,50.669782694442944,32.578049763219134,56.40940455956077,3D Scanning,2024-08-29,9,4,Caleb Martinez
CUST0136,60,Male,Heart,Progressive,Metal,Black,UV Protection,15.981330351805196,146.78756838652936,55.85532192594822,30.054694541480306,64.99011825570268,3D Scanning,2024-11-11,11,2,Benjamin Nelson
CUST0137,24,Other,Oval,Progressive,Metal,Blue,UV Protection,18.005818096715192,141.22914234509201,57.835323936240044,37.43645681362022,58.12670698085713,3D Scanning,2024-10-13,15,3,Abigail Roberts
CUST0138,28,Male,Oval,Single Vision,Plastic,Silver,Scratch Resistant,20.862852620355604,141.87545085088166,54.83390328664787,30.071140794306036,60.83684440867331,3D Scanning,2024-09-13,10,4,Elijah Torres
CUST0139,39,Male,Oval,Progressive,Metal,Silver,Anti-Reflective,23.375748980394377,135.65353755630193,49.46428390140696,35.22540629787956,69.418208447707,3D Scanning,2024-09-22,9,1,Charlotte Mitchell
CUST0140,44,Other,Oval,Single Vision,Plastic,Tortoise,UV Protection,14.840394242281004,143.68826271714337,48.62032823939583,35.197618455230746,69.04322869960924,AI Customization,2024-09-30,7,1,Mason Bell
CUST0141,62,Male,Heart,Blue Light Blocking,Plastic,Tortoise,Scratch Resistant,19.861187522025453,139.63476837632612,55.84357400947366,33.75029881704942,57.379171546082674,3D Scanning,2024-09-06,6,4,Grace Rodriguez
CUST0142,49,Other,Round,Blue Light Blocking,Metal,Tortoise,Anti-Reflective,23.1742858151158,136.7256730777563,50.04000903320267,32.05418696163347,65.9235561686217,AI Customization,2024-09-29,9,3,Samuel Rodriguez
CUST0143,36,Male,Heart,Single Vision,Metal,Silver,Scratch Resistant,14.74987180693449,135.5296649993352,53.41172087433237,38.042871528558564,66.17086868033792,AI Customization,2024-10-21,5,5,Carter Lee
CUST0144,60,Male,Square,Progressive,Titanium,Black,Anti-Reflective,23.971614261304737,136.50274140559011,51.586824373455805,34.08845077173932,63.243699169262456,3D Scanning,2024-09-02,11,1,David Bell
CUST0145,43,Female,Oval,Blue Light Blocking,Titanium,Black,Scratch Resistant,15.977503366954332,135.53769860582753,52.525945045238736,31.065832164494587,56.83212268203267,3D Scanning,2024-10-20,11,3,Matthew Cooper
CUST0146,53,Male,Heart,Progressive,Titanium,Black,Scratch Resistant,20.459868955867837,143.12239210472907,54.16108833760286,34.2607158907932,62.21844389720112,3D Scanning,2024-09-11,10,4,Evelyn Edwards
CUST0147,20,Other,Square,Single Vision,Plastic,Gold,Scratch Resistant,22.092986652910078,149.04375596230832,54.75526013519559,35.85370184880739,59.482196256375715,3D Scanning,2024-10-31,5,3,Lillian Williams
CUST0148,47,Male,Heart,Progressive,Plastic,Tortoise,Scratch Resistant,14.919786386570182,143.02932937425243,53.61884983367037,32.61302894763477,60.40639984095688,3D Scanning,2024-09-20,9,5,Noah Baker
CUST0149,23,Female,Oval,Blue Light Blocking,Plastic,Black,Scratch Resistant,22.472754346531346,133.76720162480015,50.24307386148071,35.361048908797024,55.78131271865118,AI Customization,2024-10-02,9,5,David Rodriguez
CUST0150,38,Male,Oval,Progressive,Plastic,Tortoise,UV Protection,22.0888720848821,140.34587171159302,54.47119444320131,35.64670237642855,65.00042176445442,AI Customization,2024-11-12,7,5,Abigail Scott
CUST0151,34,Male,Square,Blue Light Blocking,Plastic,Tortoise,UV Protection,15.225276592574739,134.80604155356988,51.88886662107672,36.11880677011315,69.59911090652591,AI Customization,2024-10-08,12,2,Samuel Nguyen
CUST0152,38,Other,Heart,Progressive,Plastic,Gold,Anti-Reflective,23.422806610241153,131.13549348792878,53.10922303678894,39.91798674170715,58.5394875667515,AI Customization,2024-10-25,6,1,Nathan Green
CUST0153,25,Female,Oval,Blue Light Blocking,Metal,Silver,UV Protection,14.506377009152562,147.14630720054564,55.96833647778792,33.974541481954745,61.51242475858109,3D Scanning,2024-08-24,12,5,Caleb Carter
CUST0154,43,Male,Square,Blue Light Blocking,Titanium,Black,Scratch Resistant,23.24131725533934,146.20057949424287,54.96128497180631,32.03693661192269,55.22601557903294,AI Customization,2024-09-06,8,3,Charlotte Edwards
CUST0155,50,Male,Heart,Blue Light Blocking,Titanium,Gold,Scratch Resistant,18.331563772386716,138.0819685251311,54.929360752142486,35.5210494834027,66.91585596011207,AI Customization,2024-09-26,14,1,Scarlett Scott
CUST0156,18,Other,Heart,Single Vision,Titanium,Silver,UV Protection,21.24430847130706,136.39171476375398,48.46979881275332,35.57562675196437,63.77045290019172,3D Scanning,2024-09-26,11,5,Lucy Roberts
CUST0157,60,Male,Square,Single Vision,Metal,Silver,Anti-Reflective,18.96126391213255,132.79859017152833,51.81582628097792,31.78719597832955,60.937124504425796,AI Customization,2024-09-09,7,3,Amelia Jones
CUST0158,52,Male,Heart,Single Vision,Titanium,Black,Anti-Reflective,17.827294385672577,130.50910542240746,52.16566237484678,35.590938296534965,58.64633999864718,AI Customization,2024-10-08,15,1,Dylan Evans
CUST0159,47,Male,Heart,Progressive,Plastic,Tortoise,Anti-Reflective,18.266640184283794,139.9474565681024,55.88111530064216,34.837601576281905,69.53252394221649,AI Customization,2024-09-12,12,1,Savannah Morgan
CUST0160,44,Female,Oval,Progressive,Metal,Blue,UV Protection,17.5394325267312,135.91209266475235,54.85148763005837,39.88508264024951,63.716155340910916,3D Scanning,2024-08-24,6,4,Matthew Lopez
CUST0161,21,Male,Oval,Progressive,Metal,Tortoise,Scratch Resistant,23.083042158719234,148.13823125043,57.65833213568662,35.77651153090271,65.36127121842698,3D Scanning,2024-10-21,7,3,John Morgan
CUST0162,30,Other,Oval,Blue Light Blocking,Titanium,Tortoise,Anti-Reflective,16.74981769024242,138.09197789255902,48.538021923077494,37.74194484244992,65.32609808402646,AI Customization,2024-10-29,13,4,David Morgan
CUST0163,51,Female,Square,Progressive,Plastic,Blue,Anti-Reflective,18.460114306466565,144.73464191486224,55.43669966245749,33.9812975179987,57.32487913646534,AI Customization,2024-08-28,11,5,Ava Campbell
CUST0164,41,Male,Round,Single Vision,Titanium,Silver,Anti-Reflective,15.486314090687738,141.66047404826716,50.03087222729338,31.380685184523383,66.56195500002949,3D Scanning,2024-08-27,8,1,Lily Parker
CUST0165,57,Male,Heart,Single Vision,Metal,Blue,Scratch Resistant,20.141065777776877,149.89507460177578,56.68849961317516,38.638305266148066,58.73083384607342,3D Scanning,2024-11-11,14,3,Layla Morgan
CUST0166,49,Female,Square,Blue Light Blocking,Titanium,Blue,Scratch Resistant,20.169771644904074,146.32029402105735,56.6044473849325,31.19085764496134,62.49878809877502,AI Customization,2024-08-18,15,3,Noah Rodriguez
CUST0167,58,Male,Round,Blue Light Blocking,Metal,Gold,Anti-Reflective,20.472784004740802,136.86334099271147,52.43063853904482,32.29771304477713,65.28916965633387,3D Scanning,2024-08-21,6,2,James Campbell
CUST0168,46,Male,Round,Progressive,Metal,Gold,Scratch Resistant,18.98891609996499,144.2673857841437,50.25548497673022,37.83109260345336,60.07633145125755,AI Customization,2024-09-08,12,5,Henry Peterson
CUST0169,21,Other,Square,Blue Light Blocking,Metal,Gold,Anti-Reflective,22.827785741589118,143.72636221865343,54.337884940551895,39.49245178414845,69.54477559741287,3D Scanning,2024-09-19,9,1,Ryan Martinez
CUST0170,31,Female,Round,Single Vision,Plastic,Silver,UV Protection,18.790309299601546,142.76627179755226,55.095454532476694,31.002786175493757,66.39340247494717,3D Scanning,2024-11-06,6,5,Nathan Clark
CUST0171,35,Other,Oval,Single Vision,Plastic,Blue,Anti-Reflective,14.877215510590075,139.51470403470495,51.67741121017245,35.083435431164574,55.90078503561487,AI Customization,2024-09-06,5,2,Sophia Hill
CUST0172,53,Male,Square,Single Vision,Titanium,Black,UV Protection,17.83015276024014,148.8133590924544,53.88385340173655,37.86081122893377,60.332765129719846,AI Customization,2024-09-05,6,2,Amelia Adams
CUST0173,26,Other,Heart,Single Vision,Titanium,Blue,Scratch Resistant,18.19234821196331,137.16994263340754,55.384500324978454,38.00853733350159,57.308776531516926,AI Customization,2024-09-22,6,3,Amelia Nguyen
CUST0174,36,Male,Oval,Blue Light Blocking,Titanium,Silver,Anti-Reflective,20.426525256384352,136.00389657101323,49.96469081760546,36.140253670294385,63.04529988670345,AI Customization,2024-10-10,14,2,Lucy Campbell
CUST0175,46,Female,Heart,Progressive,Plastic,Gold,Scratch Resistant,21.97197941883013,133.39973328123074,55.24914520712866,36.84564446708485,56.6108748457388,AI Customization,2024-09-10,9,5,Mason Hall
CUST0176,62,Female,Round,Progressive,Titanium,Silver,Anti-Reflective,16.49147755136746,143.152293693497,49.93497712121738,30.520527970845848,62.3176432288447,AI Customization,2024-11-08,12,1,Julian Roberts
CUST0177,49,Female,Oval,Blue Light Blocking,Plastic,Gold,UV Protection,23.940872773689634,141.1649608881974,52.48814922402992,33.89103680585103,59.75109338555586,3D Scanning,2024-09-25,5,4,Lillian Turner
CUST0178,25,Other,Heart,Progressive,Metal,Silver,Scratch Resistant,19.436566829297412,135.8756810572152,57.83453323562882,36.358766183651284,63.375256633970345,AI Customization,2024-10-29,12,5,Alexander Bell
CUST0179,19,Other,Square,Single Vision,Metal,Black,Scratch Resistant,14.195299833223492,139.41561745523575,48.744689940435926,38.04369360887174,64.66968969516802,AI Customization,2024-10-12,7,2,Isaac Gomez
CUST0180,58,Male,Round,Blue Light Blocking,Plastic,Gold,Anti-Reflective,17.824980838739556,144.81837783137738,57.624752489760155,38.23255465517405,60.20976608308315,3D Scanning,2024-09-30,15,2,Ryan Morris
CUST0181,56,Female,Heart,Blue Light Blocking,Plastic,Gold,Scratch Resistant,21.133706685834532,144.5037327421224,55.35079486026219,34.716686600883435,68.37693927124727,3D Scanning,2024-11-12,15,3,Alexander Bell
CUST0182,33,Other,Round,Single Vision,Metal,Blue,UV Protection,18.796844388881162,141.18063312216375,49.193538112729655,36.002454417599544,65.99783247630656,AI Customization,2024-09-05,5,3,Addison Cook
CUST0183,63,Male,Heart,Progressive,Plastic,Silver,UV Protection,21.814351058354934,148.25249525652353,48.406342329718754,30.88140689314011,55.3202924902644,AI Customization,2024-11-07,5,3,Savannah Campbell
CUST0184,28,Other,Square,Blue Light Blocking,Metal,Tortoise,Anti-Reflective,17.44034119789876,148.93846760387902,50.79112246309211,32.63091997964459,60.666534046623944,3D Scanning,2024-08-25,15,5,Ella Evans
CUST0185,37,Male,Oval,Progressive,Titanium,Tortoise,Anti-Reflective,19.656511150478813,147.9918231570173,50.64239595309395,33.70835126042662,65.86598736808436,3D Scanning,2024-09-05,11,4,Layla Nguyen
CUST0186,53,Other,Heart,Single Vision,Metal,Blue,Scratch Resistant,17.216044186680115,143.08869288702306,49.60928849756614,36.09028861207927,58.760443616509036,3D Scanning,2024-08-14,9,3,Savannah Campbell
CUST0187,18,Other,Round,Progressive,Metal,Silver,UV Protection,16.704356847689738,134.445070230258,56.460141960905204,37.24494713428065,55.592328140732135,3D Scanning,2024-10-03,7,1,David Torres
CUST0188,53,Other,Square,Blue Light Blocking,Titanium,Black,Scratch Resistant,14.260629677688893,134.46655850771216,48.0564513601782,39.30684991065026,65.59938968392089,AI Customization,2024-10-10,10,1,Alexander Hernandez
CUST0189,44,Female,Oval,Blue Light Blocking,Plastic,Blue,UV Protection,19.97116352759452,147.42864464328963,52.663313382095794,34.006448582855285,63.38537185952603,AI Customization,2024-09-18,11,3,Aiden Phillips
CUST0190,23,Female,Round,Progressive,Titanium,Gold,UV Protection,14.293034605366348,138.40945136369623,57.37494450470847,36.56175229854923,63.14101115208541,AI Customization,2024-08-30,14,3,Ava Rodriguez
CUST0191,32,Other,Square,Blue Light Blocking,Metal,Black,Anti-Reflective,22.106893657038977,147.73687099387007,48.3994058932143,32.864692338675695,62.351379937280996,AI Customization,2024-08-28,5,4,Harper Turner
CUST0192,25,Male,Round,Progressive,Metal,Silver,Scratch Resistant,16.809326653077544,137.43364859529723,57.28628238459155,39.63529822211508,63.50052600949556,3D Scanning,2024-11-13,13,4,David Hall
CUST0193,47,Male,Square,Blue Light Blocking,Metal,Gold,UV Protection,22.086538835729012,141.71141390413808,53.96880332014378,30.574630345830013,63.15430816423125,3D Scanning,2024-11-09,12,5,Chloe Lee
CUST0194,25,Female,Oval,Blue Light Blocking,Metal,Tortoise,Anti-Reflective,18.71684385310354,139.2752125637552,55.73660949858888,37.736084522323964,59.85521313537684,AI Customization,2024-10-24,12,5,Emma Martinez
CUST0195,59,Female,Oval,Blue Light Blocking,Metal,Silver,UV Protection,17.574328926715417,132.35562942483077,54.25366662558978,31.75271128418232,62.02592081673344,3D Scanning,2024-11-03,11,1,Nathan Brown
CUST0196,27,Female,Round,Progressive,Titanium,Gold,Anti-Reflective,19.839889198512267,131.073539088129,56.43139981194513,34.94368377618284,68.01492759935739,AI Customization,2024-09-07,11,4,Julian Jones
CUST0197,49,Other,Square,Blue Light Blocking,Metal,Silver,Anti-Reflective,16.32762127920835,142.68793487304072,51.01154818315438,30.10710397375429,63.980199163534564,3D Scanning,2024-08-16,6,5,David Morgan
CUST0198,63,Male,Heart,Blue Light Blocking,Plastic,Gold,Anti-Reflective,15.596248082826609,141.60626216892913,55.8990818241743,38.50567636317642,67.9084129133657,AI Customization,2024-08-31,13,5,Emma Lopez
CUST0199,36,Female,Oval,Progressive,Titanium,Silver,Scratch Resistant,16.478570540015728,142.41309390533206,53.50160179719967,39.30758467345758,57.40515113646648,AI Customization,2024-11-20,8,3,Abigail Nguyen
CUST0200,50,Other,Heart,Progressive,Titanium,Tortoise,Anti-Reflective,16.411527951548024,139.44439364812166,48.72880795479055,35.18153282150675,62.967061454991864,3D Scanning,2024-08-16,5,4,Caleb Baker
CUST0201,63,Female,Heart,Single Vision,Titanium,Blue,Anti-Reflective,19.3368956458781,133.89087609953842,55.07681561394475,31.94746494543622,61.740762996935025,3D Scanning,2024-11-02,11,5,James Green
CUST0202,35,Male,Round,Progressive,Metal,Gold,UV Protection,21.91237212101068,132.39631874375013,53.253950671848806,37.83959445353708,67.29127827249646,3D Scanning,2024-08-28,12,3,Sebastian Murphy
CUST0203,44,Male,Round,Progressive,Metal,Gold,Anti-Reflective,21.370601375096193,143.61395528639395,57.569877176275035,35.10547850398821,63.12408928205588,3D Scanning,2024-11-01,6,1,Ava Bell
CUST0204,48,Female,Round,Blue Light Blocking,Titanium,Tortoise,UV Protection,21.64049723717511,140.59677009259994,53.20606287331704,36.98449732599191,61.81118469693361,AI Customization,2024-09-24,14,2,Sophia Rogers
CUST0205,48,Other,Square,Single Vision,Metal,Blue,UV Protection,23.47802478219655,138.2621450802776,55.86258239337357,36.151899857035495,66.63876861013763,AI Customization,2024-09-13,13,4,Natalie Parker
CUST0206,33,Male,Oval,Progressive,Plastic,Silver,Scratch Resistant,19.75692108619996,147.41698292706008,49.59370492517436,36.7402438101218,62.58936599407832,3D Scanning,2024-10-14,10,1,Aiden Turner
CUST0207,47,Male,Oval,Blue Light Blocking,Plastic,Gold,Anti-Reflective,23.826646357580323,133.01556902190526,53.43080155082315,33.59739998275464,66.0048661215828,AI Customization,2024-10-02,10,1,Addison Phillips
CUST0208,53,Male,Heart,Progressive,Metal,Blue,Anti-Reflective,17.884225216120825,149.84695705775866,52.034170664246794,36.55019119384045,68.24398558796047,3D Scanning,2024-09-03,15,4,Amelia Scott
CUST0209,27,Female,Round,Blue Light Blocking,Titanium,Silver,UV Protection,23.35206032091545,136.85339769858,51.49402950862036,39.75645900945699,64.29601909855336,AI Customization,2024-09-08,9,2,Layla Turner
CUST0210,42,Other,Square,Blue Light Blocking,Metal,Gold,Scratch Resistant,23.915419209392436,149.74383198759014,56.83396738867118,30.868428125740376,60.46112795651144,AI Customization,2024-09-24,11,3,David Torres
CUST0211,30,Other,Oval,Blue Light Blocking,Metal,Gold,Anti-Reflective,15.737120313651886,147.85690246621087,54.63334476440277,32.75936870125479,64.30295969234257,3D Scanning,2024-10-26,5,1,Harper Collins
CUST0212,56,Other,Square,Single Vision,Metal,Silver,Scratch Resistant,16.36551132742461,149.7329851176696,51.31066536611302,33.994336899602985,59.81041141461621,3D Scanning,2024-10-25,15,1,Daniel Collins
CUST0213,50,Other,Round,Blue Light Blocking,Titanium,Tortoise,UV Protection,17.180043682918715,132.86448304599276,50.93574357170204,36.696620463963086,55.95012634898976,AI Customization,2024-08-25,15,2,Zoey Johnson
CUST0214,65,Other,Round,Progressive,Plastic,Blue,Anti-Reflective,21.3810510112067,147.24787886674233,57.50308276360152,34.054509668505204,69.50744735512396,3D Scanning,2024-10-11,6,3,Savannah Bell
CUST0215,26,Female,Oval,Progressive,Metal,Gold,Scratch Resistant,17.58783132687062,133.60713538213687,54.18280600983641,32.00310383124223,67.28574600675972,3D Scanning,2024-10-13,10,1,Olivia Roberts
CUST0216,22,Female,Heart,Blue Light Blocking,Titanium,Silver,Anti-Reflective,19.91562494845737,131.61622933858348,52.74857188736134,30.153665224978738,57.84804178670828,3D Scanning,2024-09-09,13,2,Audrey Rodriguez
CUST0217,35,Other,Heart,Blue Light Blocking,Titanium,Gold,Anti-Reflective,21.034528829199136,136.65258893833052,53.61334683177534,37.0362192443473,65.24836273836522,3D Scanning,2024-08-26,10,4,Abigail Carter
CUST0218,44,Other,Round,Blue Light Blocking,Plastic,Silver,Scratch Resistant,17.51682148483088,149.7328074539936,55.52133756735423,39.19177421109124,66.48601143264783,3D Scanning,2024-10-13,6,2,Grace Ramirez
CUST0219,39,Female,Round,Single Vision,Titanium,Gold,Anti-Reflective,19.676513654262312,136.26828143514678,54.49300113385944,35.49592653546436,57.31197270896725,AI Customization,2024-09-26,12,2,Lily Phillips
CUST0220,50,Female,Heart,Blue Light Blocking,Titanium,Black,UV Protection,15.421022904150849,131.16027176450393,49.14721951402265,37.261387097072955,59.24693625300378,AI Customization,2024-08-21,9,5,Olivia Williams
CUST0221,35,Other,Round,Single Vision,Titanium,Tortoise,Anti-Reflective,23.483685060458903,139.04106457136987,51.46007290822769,35.59113866947658,61.1470679164943,AI Customization,2024-10-07,15,1,Benjamin Edwards
CUST0222,18,Other,Oval,Blue Light Blocking,Plastic,Blue,Anti-Reflective,22.36696840733336,134.18764736670155,50.40347876433257,35.82932415217871,59.830360834724914,AI Customization,2024-11-09,8,3,Layla Gomez
CUST0223,36,Female,Oval,Progressive,Metal,Tortoise,Scratch Resistant,22.104011631133133,145.4708454264113,54.4226435582117,33.474750888592574,56.443844458818496,AI Customization,2024-09-07,7,4,Ethan Cooper
CUST0224,64,Male,Square,Single Vision,Plastic,Tortoise,Scratch Resistant,23.70387708337804,141.52557831473405,57.186072991872706,38.15514879498689,64.88336545229106,3D Scanning,2024-11-19,13,5,Mia Turner
CUST0225,37,Other,Heart,Blue Light Blocking,Metal,Blue,Scratch Resistant,19.42124601520993,133.1687023475136,50.43827163866884,32.262955129620686,55.65665895140097,3D Scanning,2024-09-03,5,2,Joseph Lee
CUST0226,55,Male,Round,Blue Light Blocking,Titanium,Tortoise,Anti-Reflective,15.755567676606507,145.70421811395425,48.398772484254195,39.63057139475086,69.06699304987947,3D Scanning,2024-09-16,11,4,Ethan Cooper
CUST0227,55,Other,Square,Blue Light Blocking,Titanium,Black,Scratch Resistant,14.379637412000998,145.59504912615438,56.856601589987946,34.5475900865878,57.67958200054162,3D Scanning,2024-09-30,15,3,Abigail Turner
CUST0228,60,Other,Oval,Blue Light Blocking,Metal,Silver,Anti-Reflective,14.561679768012715,132.58811915136573,51.81372607618067,34.03956469706496,55.469106309348234,3D Scanning,2024-11-04,8,4,Natalie Rodriguez
CUST0229,49,Other,Heart,Progressive,Plastic,Blue,UV Protection,20.016627864450882,138.67422828577273,55.962065856530344,30.04651451566126,56.60582752734835,AI Customization,2024-10-14,9,4,Victoria Morgan
CUST0230,27,Other,Oval,Single Vision,Plastic,Silver,UV Protection,14.199279898885527,138.58819446018242,49.13374027504592,31.75034786813964,57.874249603460015,3D Scanning,2024-11-13,11,1,David Rogers
CUST0231,46,Male,Round,Blue Light Blocking,Plastic,Gold,Anti-Reflective,18.779889881661795,138.5805089720082,50.56590556653122,35.06238096255548,55.47725724849986,AI Customization,2024-10-04,6,3,Gabriel Morgan
CUST0232,52,Female,Square,Single Vision,Metal,Black,Anti-Reflective,17.317339935742034,139.5480055188114,55.23975608369924,35.58630712869659,64.62627502191434,AI Customization,2024-09-11,15,2,Zoey Stewart
CUST0233,48,Female,Round,Single Vision,Titanium,Silver,UV Protection,20.141347676624683,130.09338275160272,48.24705729718029,35.03169166253893,60.828982292628424,AI Customization,2024-11-14,10,1,Emily Evans
CUST0234,40,Male,Round,Blue Light Blocking,Titanium,Silver,UV Protection,22.06445413310003,140.67565205684517,53.16867822573401,33.399658944235405,62.348644568676654,3D Scanning,2024-11-20,12,1,Gabriel Clark
CUST0235,39,Female,Heart,Blue Light Blocking,Titanium,Blue,Anti-Reflective,17.407590442667725,144.6131814082118,55.70494322292194,31.17008997521864,64.35955725997471,AI Customization,2024-08-22,6,2,Hannah Brown
CUST0236,53,Female,Heart,Single Vision,Metal,Gold,UV Protection,15.774598726539372,149.00137230963665,53.143090620846806,35.13286687111179,63.85451368122606,3D Scanning,2024-09-10,15,5,Henry Allen
CUST0237,52,Female,Round,Single Vision,Titanium,Blue,UV Protection,22.02424444588155,147.84012784394818,53.08735593002714,32.57693386644967,55.7362844086834,3D Scanning,2024-10-06,12,3,David Morris
CUST0238,42,Female,Heart,Single Vision,Titanium,Gold,Anti-Reflective,22.682170981436133,145.13695475954245,52.86804709165183,35.37903389432634,58.31084176219481,AI Customization,2024-11-06,8,4,Abigail Murphy
CUST0239,47,Female,Square,Progressive,Plastic,Blue,Scratch Resistant,14.59555962845034,140.6206757114197,50.964339695742844,37.93389257601603,65.76767791854672,AI Customization,2024-10-15,7,5,Caleb Nelson
CUST0240,38,Other,Square,Progressive,Titanium,Silver,Scratch Resistant,15.477120189861147,130.3583225126189,54.51528195981029,32.50141491697668,55.19629164750252,AI Customization,2024-11-17,5,3,Aiden Scott
CUST0241,30,Male,Round,Progressive,Plastic,Silver,UV Protection,21.04696341732324,130.08247667948706,51.20312757148554,34.427686405633054,68.81552814044856,AI Customization,2024-10-21,8,3,Grace Brown
CUST0242,62,Female,Square,Single Vision,Metal,Black,Anti-Reflective,15.416526643512137,144.6720648182665,48.82345448048501,33.770802808044,64.83624042847069,3D Scanning,2024-09-26,5,4,Emma Morris
CUST0243,33,Female,Round,Progressive,Plastic,Silver,UV Protection,15.109205919987028,134.52531422578167,48.95956431086323,34.83629895522946,68.92605579157554,3D Scanning,2024-08-23,14,5,Olivia Lee
CUST0244,54,Female,Square,Blue Light Blocking,Titanium,Tortoise,UV Protection,19.262948785772135,147.539702705197,57.71628769906433,32.432732564022636,67.48116546272749,3D Scanning,2024-09-06,8,5,Julian Hill
CUST0245,42,Other,Oval,Single Vision,Titanium,Silver,Anti-Reflective,17.648898524087574,136.24184520973725,55.73318518236092,33.39660763451745,62.0208871514745,AI Customization,2024-10-01,12,5,Ella Bailey
CUST0246,32,Female,Round,Progressive,Plastic,Tortoise,Scratch Resistant,14.725316060601976,132.05416446679092,53.332058221647934,37.755988050911455,64.58375074647742,3D Scanning,2024-09-01,11,4,Ryan Johnson
CUST0247,44,Female,Square,Blue Light Blocking,Titanium,Silver,UV Protection,21.045380096280812,140.0667295737074,54.26933075975417,36.81594673251513,60.41389076687618,3D Scanning,2024-10-11,6,4,Natalie Rivera
CUST0248,20,Male,Oval,Blue Light Blocking,Plastic,Tortoise,UV Protection,20.62139552798834,136.12230184182826,50.10781474935525,38.965238227458784,66.15216161365552,3D Scanning,2024-08-21,13,3,Daniel Ramirez
CUST0249,38,Other,Round,Progressive,Titanium,Tortoise,Scratch Resistant,19.860166631715906,131.30574044940528,54.29514483910667,38.62023279274633,68.35645915001108,3D Scanning,2024-10-03,15,5,Ava Roberts
CUST0250,65,Female,Square,Blue Light Blocking,Plastic,Silver,Anti-Reflective,17.365610711408046,130.91436703476344,50.131751318644795,34.81970162065836,67.33039774400018,3D Scanning,2024-09-30,9,2,Ella Nelson
CUST0251,48,Male,Square,Blue Light Blocking,Plastic,Tortoise,Anti-Reflective,17.226032043729102,148.96926750106033,54.85405183018814,32.578197648194006,66.9137436570712,AI Customization,2024-10-03,12,3,Scarlett Nelson
CUST0252,63,Male,Oval,Single Vision,Metal,Black,Anti-Reflective,23.758606713824264,139.11852623937008,56.356650777453694,33.826732459192115,55.87450036670748,3D Scanning,2024-09-26,13,2,Liam Rogers
CUST0253,42,Male,Heart,Blue Light Blocking,Plastic,Gold,Anti-Reflective,21.323520254246407,140.40576824491768,50.055795679819155,37.886560186311456,64.25399988135125,3D Scanning,2024-09-12,12,3,Lucas Young
CUST0254,42,Male,Heart,Single Vision,Plastic,Tortoise,Anti-Reflective,18.368683829295822,140.48235287336038,56.28748670985869,32.20382322944052,62.935312469376605,3D Scanning,2024-10-24,5,2,Lucas Cook
CUST0255,60,Female,Oval,Blue Light Blocking,Metal,Tortoise,UV Protection,20.39265991454289,138.67330460071176,56.786372317092415,37.01176101192311,66.01450507384406,AI Customization,2024-08-28,5,4,Ethan Morris
CUST0256,59,Male,Oval,Single Vision,Titanium,Black,UV Protection,18.872000191299637,143.73560309342628,55.41375034862807,38.00161393849035,67.51684747307426,AI Customization,2024-10-29,10,3,Noah Peterson
CUST0257,27,Other,Round,Blue Light Blocking,Plastic,Black,Scratch Resistant,17.172833932504258,132.67578860264015,52.3523776267887,34.124259721893495,56.16903062290737,3D Scanning,2024-09-21,5,3,Sophia Green
CUST0258,49,Other,Heart,Progressive,Metal,Blue,Scratch Resistant,21.07182921236328,149.9227782936966,56.16754348127179,33.53096265468778,58.23850094831587,3D Scanning,2024-11-03,10,1,Mason Adams
CUST0259,20,Female,Round,Blue Light Blocking,Metal,Gold,Scratch Resistant,19.619773096856505,139.8035736917333,48.72120493254742,35.35651907397234,62.79227909786097,3D Scanning,2024-10-27,5,2,Mia Johnson
CUST0260,26,Male,Square,Progressive,Plastic,Blue,Scratch Resistant,22.896002168122322,145.00231164521367,54.86043539298733,37.008185523165544,56.51837681142672,AI Customization,2024-09-10,11,3,Zoey Baker
CUST0261,50,Other,Oval,Blue Light Blocking,Titanium,Tortoise,Anti-Reflective,20.137089862450345,133.2976701778299,48.23752946102807,32.63349691392911,58.46527004968312,3D Scanning,2024-10-02,6,3,Olivia Phillips
CUST0262,55,Male,Round,Progressive,Metal,Black,Anti-Reflective,17.568255470934304,148.13788472387276,55.16868283835913,32.87289582885872,60.77996632338991,3D Scanning,2024-10-05,8,4,Layla Roberts
CUST0263,39,Other,Oval,Progressive,Plastic,Tortoise,Scratch Resistant,20.65531669474767,146.24016633680338,48.37886314746148,33.98930636597409,57.8967917181021,AI Customization,2024-09-28,15,2,Victoria Torres
CUST0264,24,Other,Round,Single Vision,Metal,Silver,UV Protection,22.144542364429803,130.3824946624664,48.73248029159517,37.487881319304904,64.85314770587865,3D Scanning,2024-11-01,15,5,Dylan Mitchell
CUST0265,46,Other,Square,Progressive,Titanium,Gold,Anti-Reflective,17.78384108147198,134.4864272664739,49.779921635554345,33.41992877990222,63.55041503444221,AI Customization,2024-10-15,13,2,Alexander Johnson
CUST0266,24,Female,Square,Blue Light Blocking,Plastic,Silver,Anti-Reflective,21.33994973365206,149.6975904898652,50.51908000991376,35.54551504041226,69.21255016836128,AI Customization,2024-08-27,12,5,Penelope Evans
CUST0267,51,Other,Heart,Progressive,Plastic,Black,UV Protection,16.945172647189228,134.2238045832629,48.704420922321255,31.784857472520727,63.37635220019456,3D Scanning,2024-11-04,15,3,Ryan Johnson
CUST0268,47,Male,Heart,Blue Light Blocking,Titanium,Black,UV Protection,15.777082884969634,130.43826544131232,56.21619318631631,33.13872779559627,63.37212410738892,3D Scanning,2024-11-03,13,2,Grace Ramirez
CUST0269,18,Female,Square,Progressive,Titanium,Black,UV Protection,14.017979066728659,140.0926710917033,57.10986574431121,32.18566133784624,66.1916256441378,AI Customization,2024-11-19,7,2,Victoria Ramirez
CUST0270,64,Female,Round,Blue Light Blocking,Metal,Gold,UV Protection,21.020084481589357,132.46323963501922,52.07632778495793,35.737126191636605,66.49425130024079,AI Customization,2024-11-11,14,2,Grace Stewart
CUST0271,27,Other,Oval,Blue Light Blocking,Plastic,Blue,UV Protection,19.72834792670618,144.222201801917,52.51125663744042,31.827844526404,63.648454884957154,AI Customization,2024-08-30,8,2,Ava Turner
CUST0272,44,Female,Square,Blue Light Blocking,Metal,Tortoise,Scratch Resistant,22.507569655350082,145.84254310091785,52.04448020704277,37.461562580101734,65.11738845617181,AI Customization,2024-11-18,6,2,Ava Peterson
CUST0273,59,Other,Square,Blue Light Blocking,Plastic,Tortoise,UV Protection,21.708303925781244,137.5038486535168,51.164042459196665,39.30255263372715,65.53825624271211,3D Scanning,2024-11-02,5,1,Caleb Perez
CUST0274,27,Male,Round,Blue Light Blocking,Metal,Tortoise,Anti-Reflective,19.674827548293973,142.80642170545298,51.89501867244383,31.901674978360482,61.40612485440344,AI Customization,2024-08-20,7,1,Daniel Turner
CUST0275,22,Female,Square,Progressive,Plastic,Tortoise,UV Protection,15.820817560135474,145.4249932668706,49.18305761626619,37.371122479413934,56.56153595076606,3D Scanning,2024-09-19,12,3,Hannah Bell
CUST0276,48,Other,Square,Blue Light Blocking,Titanium,Tortoise,Scratch Resistant,17.18216911860095,142.46269554623768,48.058989274607804,32.3486137193016,66.8869239666011,AI Customization,2024-08-28,15,5,Layla Adams
CUST0277,34,Female,Round,Progressive,Metal,Blue,Anti-Reflective,22.088069257701314,141.878481357497,55.20285681026797,32.420565178449635,63.249481998558025,AI Customization,2024-09-26,5,2,Mia Murphy
CUST0278,39,Female,Square,Single Vision,Plastic,Silver,UV Protection,20.11381152427906,130.95920751422196,48.63237590759699,32.65405373325785,62.57039170758942,3D Scanning,2024-11-03,12,4,Ethan Hill
CUST0279,57,Male,Heart,Single Vision,Plastic,Gold,UV Protection,20.39646772783624,132.16226900422092,55.45951031041205,32.29207532128442,64.86297821531181,3D Scanning,2024-11-10,14,3,Joseph Gonzalez
CUST0280,62,Other,Heart,Progressive,Metal,Silver,UV Protection,15.041102330139859,146.7224001913878,48.45516853786126,38.349404800660565,63.00850715470689,AI Customization,2024-11-03,5,3,David Rivera
CUST0281,43,Other,Heart,Blue Light Blocking,Titanium,Silver,Anti-Reflective,18.9618505791309,130.9647011294588,56.48251239006143,38.36334709961689,63.99873596910523,AI Customization,2024-08-30,8,2,Lucy Jones
CUST0282,59,Male,Heart,Progressive,Titanium,Tortoise,UV Protection,17.311684261660524,132.31579652678602,51.57700138748048,33.56027373343673,69.00279954288051,AI Customization,2024-09-28,15,2,Julian Collins
CUST0283,23,Male,Square,Single Vision,Metal,Tortoise,Scratch Resistant,14.778066384643012,138.88628577891794,53.028369509140816,37.78938480516443,68.53727455979083,3D Scanning,2024-09-23,7,5,Elijah Scott
CUST0284,39,Other,Oval,Progressive,Metal,Blue,Scratch Resistant,17.468101246832283,132.47190125991142,50.898365988350804,31.198784926547717,63.251220135926786,3D Scanning,2024-08-23,5,1,Harper Brown
CUST0285,61,Female,Heart,Progressive,Plastic,Gold,UV Protection,17.195186791411594,135.05476586139147,54.85878659049799,30.784875726387806,69.95275471262494,3D Scanning,2024-09-04,7,3,Ethan Stewart
CUST0286,52,Male,Heart,Blue Light Blocking,Plastic,Black,Anti-Reflective,20.361867702403682,144.0373642970811,54.065658411868306,39.55779684062482,67.67281022351825,3D Scanning,2024-09-27,15,3,Henry Hall
CUST0287,42,Male,Square,Single Vision,Titanium,Silver,Anti-Reflective,23.630796245390624,134.1098983131635,50.81517444292264,34.92664863272212,61.185149375071866,3D Scanning,2024-09-02,5,2,Sebastian Bailey
CUST0288,38,Female,Square,Blue Light Blocking,Titanium,Black,Scratch Resistant,22.216618054283096,143.7148005709516,57.266908797448586,30.066236761528565,64.4986123327823,AI Customization,2024-10-28,9,3,Noah Cooper
CUST0289,58,Other,Round,Blue Light Blocking,Titanium,Gold,Scratch Resistant,20.700245711140536,130.18609096126502,51.81413574480364,38.57089337270513,67.39232462561142,AI Customization,2024-09-23,6,4,Lucy Morris
CUST0290,63,Female,Heart,Progressive,Metal,Silver,Anti-Reflective,21.292859471339995,138.41742912853726,56.22122370159053,39.57993090467625,59.851763800726836,AI Customization,2024-09-16,12,5,Ava Morris
CUST0291,49,Male,Round,Progressive,Metal,Black,Anti-Reflective,17.35749465574547,132.01959694362924,48.308191513567245,38.48010595755965,58.6108383420644,AI Customization,2024-09-27,14,2,Daniel King
CUST0292,52,Female,Heart,Progressive,Metal,Black,Scratch Resistant,14.11395620295498,140.40618468373674,49.56323474149911,33.711965353836675,63.18439359373541,AI Customization,2024-09-11,7,5,Sophia Stewart
CUST0293,20,Other,Oval,Progressive,Titanium,Blue,UV Protection,16.096842844004993,142.455955536013,50.1986572546051,33.15416905971917,60.62594612304586,AI Customization,2024-09-24,14,3,Logan Parker
CUST0294,57,Male,Square,Blue Light Blocking,Titanium,Gold,UV Protection,20.93176076321265,144.01452692406826,55.46753911606912,38.98121200392852,63.25358058431896,3D Scanning,2024-10-02,6,1,Emily Roberts
CUST0295,22,Female,Square,Blue Light Blocking,Titanium,Gold,Anti-Reflective,17.50481161897316,138.3765150354285,55.967704370430454,38.80987248547373,66.16867522754771,AI Customization,2024-10-06,6,1,Elijah Nelson
CUST0296,33,Other,Round,Progressive,Titanium,Gold,UV Protection,21.870200060906605,147.97243850006376,56.49467438055012,35.74519379949337,60.40012817401272,AI Customization,2024-10-23,6,4,Addison Jones
CUST0297,58,Other,Round,Progressive,Metal,Silver,Anti-Reflective,21.204135879969684,140.23169572931025,50.94978469313191,32.7473303296272,61.78605211311949,AI Customization,2024-10-28,12,4,Jackson Green
CUST0298,61,Other,Square,Single Vision,Plastic,Blue,Scratch Resistant,14.481474577332817,142.35395910110094,54.34045669019785,31.82871863129695,69.39736646381287,3D Scanning,2024-09-27,14,2,Hannah Green
CUST0299,36,Other,Square,Blue Light Blocking,Metal,Tortoise,Scratch Resistant,18.382201413257754,135.65413536340185,50.98056503216095,37.64262325435928,55.002934417834126,3D Scanning,2024-09-04,14,4,Joseph Rogers
CUST0300,32,Other,Square,Blue Light Blocking,Plastic,Silver,Anti-Reflective,18.196532291852073,145.6952013233697,56.86978118972249,35.111336356421305,55.519943533423145,AI Customization,2024-11-20,8,3,Zoey Baker
CUST0301,65,Other,Heart,Blue Light Blocking,Plastic,Gold,Scratch Resistant,15.663384428959487,139.95478126386504,57.65365393422671,33.978794978714944,59.26723255914779,3D Scanning,2024-09-08,6,2,Amelia Mitchell
CUST0302,23,Male,Heart,Progressive,Metal,Silver,UV Protection,18.14019163646415,142.1800361871346,56.67138972351883,37.50169385795781,55.24453671845898,3D Scanning,2024-09-18,8,1,Henry Allen
CUST0303,45,Other,Oval,Progressive,Metal,Black,Scratch Resistant,22.817706583344382,145.55917833194047,54.47940608658869,31.282459501486134,57.0262856401591,3D Scanning,2024-08-19,11,5,Sebastian Torres
CUST0304,24,Other,Heart,Progressive,Metal,Silver,Scratch Resistant,17.512311692984696,146.6299764101425,57.5739164910812,35.2573544382505,68.35486836379486,3D Scanning,2024-10-21,10,5,Samuel Rogers
CUST0305,58,Other,Square,Single Vision,Titanium,Silver,UV Protection,17.75347570340548,149.46239444638388,48.11150207769306,34.23175867485404,55.09853243459023,AI Customization,2024-08-21,15,3,Natalie Edwards
CUST0306,63,Female,Heart,Progressive,Metal,Gold,UV Protection,22.288069775662514,137.15843673101614,56.74766927622778,39.39654421365022,69.76591637975201,3D Scanning,2024-09-17,11,3,Benjamin Johnson
CUST0307,24,Male,Round,Single Vision,Titanium,Black,Anti-Reflective,21.887299944762194,138.19512461056578,49.41373866224551,30.32562647033298,58.22234219190334,3D Scanning,2024-10-17,10,4,Chloe Cooper
CUST0308,46,Male,Square,Progressive,Plastic,Gold,Scratch Resistant,19.780554909331318,133.20747197261537,48.41773140467926,33.47288961661733,59.723570125740174,AI Customization,2024-09-29,6,3,Carter Lopez
CUST0309,28,Female,Heart,Blue Light Blocking,Metal,Black,Anti-Reflective,21.582435435590178,140.962775274568,53.72718594943396,38.60400130497952,66.57284607983453,AI Customization,2024-09-12,15,5,Victoria Turner
CUST0310,62,Other,Square,Single Vision,Titanium,Black,Anti-Reflective,16.25582727511648,148.2071325492403,51.94081700870037,37.75903963854911,69.15021859367033,3D Scanning,2024-09-08,14,2,Elijah Rogers
CUST0311,37,Female,Round,Progressive,Titanium,Black,UV Protection,18.51287419153075,143.76407830910748,53.475254501922386,34.57196034316027,67.33506187155363,AI Customization,2024-10-05,13,5,Eleanor Bailey
CUST0312,19,Female,Round,Progressive,Titanium,Gold,Anti-Reflective,21.991945657563395,139.61327885547334,48.85126856749439,31.20368180410896,68.78668124455919,AI Customization,2024-11-16,7,4,Savannah Phillips
CUST0313,20,Female,Heart,Blue Light Blocking,Metal,Black,Anti-Reflective,14.334127865352379,134.69010531943113,50.100528906903904,35.18205139488508,62.669072325116744,3D Scanning,2024-11-16,10,3,Alexander Rivera
CUST0314,38,Male,Square,Progressive,Plastic,Blue,Scratch Resistant,14.2007799833057,130.2549880253722,55.41430483039814,33.156512654513904,63.560023076004065,3D Scanning,2024-09-09,8,1,Zoey Murphy
CUST0315,21,Male,Oval,Blue Light Blocking,Metal,Blue,Anti-Reflective,16.61127709982262,131.7800567905426,55.259373466957484,30.084186048196255,63.574177453821314,3D Scanning,2024-09-20,5,4,Lucy Gomez
CUST0316,36,Male,Round,Progressive,Titanium,Tortoise,Anti-Reflective,15.047250484988123,132.20861834812644,50.11736942921985,36.74103060444835,56.414306913063264,AI Customization,2024-08-22,14,1,Brooklyn Roberts
CUST0317,40,Other,Oval,Single Vision,Plastic,Blue,Anti-Reflective,17.418082011498896,141.4830553038451,57.05628030344334,33.7942800358689,61.90554708491889,AI Customization,2024-10-04,7,2,Wyatt Stewart
CUST0318,41,Other,Heart,Single Vision,Plastic,Tortoise,Scratch Resistant,22.87931267734303,139.88208057718643,56.514588513415504,31.007478261398987,57.34160659518929,3D Scanning,2024-11-06,10,5,Lillian Rivera
CUST0319,45,Female,Round,Blue Light Blocking,Plastic,Blue,UV Protection,15.60904494911321,148.98892031462233,49.424551171135484,33.616023258326805,58.97482268889429,AI Customization,2024-09-07,6,1,Liam Parker
CUST0320,27,Male,Oval,Progressive,Plastic,Gold,Scratch Resistant,14.750024210441577,145.59052445168874,49.839927227853835,38.61842023281014,68.34438028732193,AI Customization,2024-09-20,6,3,Amelia Hill
CUST0321,33,Male,Round,Blue Light Blocking,Titanium,Tortoise,UV Protection,23.41834143535228,131.50096427255326,54.16884923240158,31.871524419528498,58.74785358827496,AI Customization,2024-08-24,9,1,Samuel Hernandez
CUST0322,51,Other,Oval,Blue Light Blocking,Titanium,Silver,UV Protection,23.780415228985596,144.47152496893563,50.52741777854608,32.628490346457,58.84365757678533,3D Scanning,2024-11-10,7,4,Lucas Hernandez
CUST0323,44,Other,Square,Progressive,Plastic,Silver,UV Protection,17.379505842479357,148.09558767913165,49.14622542123183,32.6940822952498,59.504536475081565,3D Scanning,2024-11-02,11,5,Nathan Morgan
CUST0324,54,Male,Square,Single Vision,Plastic,Blue,Scratch Resistant,23.85276100141143,142.88673583137398,54.70977911350578,39.58526817061633,63.557307392336234,AI Customization,2024-08-19,7,2,Natalie Green
CUST0325,61,Male,Heart,Single Vision,Plastic,Silver,Scratch Resistant,22.93226172646409,139.1350246948996,53.67292644472801,33.43096460148127,63.535974053801795,AI Customization,2024-08-19,10,4,Lucy Roberts
CUST0326,29,Other,Round,Blue Light Blocking,Plastic,Blue,UV Protection,21.045046465917913,149.54581905842159,48.54388305927721,31.839136741963774,58.26155920337133,AI Customization,2024-09-14,13,3,Scarlett Baker
CUST0327,28,Other,Oval,Blue Light Blocking,Titanium,Blue,Scratch Resistant,18.313233341458606,135.2825004554208,55.510418141809836,34.23942880410943,56.15802348296127,3D Scanning,2024-08-16,7,1,Levi Jones
CUST0328,29,Male,Heart,Blue Light Blocking,Plastic,Silver,Anti-Reflective,20.53635175265351,131.00160391625894,57.90076422648974,34.19092943524663,59.87038081060024,3D Scanning,2024-08-13,12,3,Chloe Perez
CUST0329,23,Female,Square,Single Vision,Plastic,Silver,UV Protection,20.073176256548855,146.26356827835764,53.48851113477835,37.52195763381642,62.23799759591771,3D Scanning,2024-10-16,8,1,Lucy Mitchell
CUST0330,57,Female,Square,Single Vision,Metal,Black,UV Protection,18.342003848932965,147.4828089832432,54.44674513859038,33.65077986227915,62.32414597560151,AI Customization,2024-09-22,14,5,Alexander Scott
CUST0331,42,Female,Heart,Single Vision,Titanium,Tortoise,UV Protection,14.535557426605955,147.0449737147342,48.7314457215855,34.00592597422224,68.4853614519829,AI Customization,2024-09-15,5,2,Jackson Clark
CUST0332,57,Female,Round,Blue Light Blocking,Plastic,Blue,UV Protection,17.310945794399863,137.20429328107775,54.716852491152494,34.50728991477856,65.54271842273687,AI Customization,2024-11-10,7,5,Harper Morgan
CUST0333,61,Male,Oval,Blue Light Blocking,Plastic,Silver,Anti-Reflective,23.743984206764715,143.53533064018296,50.50687614814955,35.714097181792496,67.29272897254552,AI Customization,2024-09-15,6,5,Aria Young
CUST0334,33,Female,Square,Single Vision,Metal,Tortoise,Scratch Resistant,18.092798657506457,138.5199041274995,49.97417592447916,39.7927245181719,56.43046080267778,3D Scanning,2024-09-03,15,2,Henry Young
CUST0335,49,Female,Heart,Blue Light Blocking,Plastic,Silver,Anti-Reflective,19.541124323162293,132.31802107319214,53.805956534086945,36.860119121414925,64.63381934542879,3D Scanning,2024-11-09,14,3,Mason Hernandez
CUST0336,55,Other,Square,Single Vision,Plastic,Silver,Scratch Resistant,23.25573600306913,147.0249180135435,57.515399063441976,38.141906641413996,55.560573942675,AI Customization,2024-10-20,11,2,Amelia Johnson
CUST0337,27,Female,Square,Single Vision,Plastic,Black,Anti-Reflective,19.40125431606656,147.80584023086564,51.571383590118224,37.20815459414937,67.12511758241247,3D Scanning,2024-09-21,7,1,Lucas Green
CUST0338,32,Other,Oval,Single Vision,Metal,Blue,UV Protection,20.605978927129733,130.1934465545414,54.71295565780051,38.04087581007221,60.72319165749222,AI Customization,2024-09-01,5,1,Samuel Turner
CUST0339,47,Other,Round,Progressive,Titanium,Blue,Anti-Reflective,16.97400647681566,132.76788885345385,50.3453284874592,35.55340047420701,66.70182862012715,AI Customization,2024-08-18,12,5,Gabriel Roberts
CUST0340,58,Male,Round,Progressive,Metal,Gold,Anti-Reflective,14.959159214022415,142.94397252358678,50.85137143876521,38.5630873874488,68.82807244780304,AI Customization,2024-08-28,6,4,Joseph Cook
CUST0341,34,Male,Oval,Blue Light Blocking,Titanium,Black,UV Protection,17.92902214614822,136.5732165213715,48.698088847109574,31.96063214136986,60.01584466709907,AI Customization,2024-08-27,5,1,Dylan Williams
CUST0342,47,Male,Heart,Progressive,Metal,Tortoise,Scratch Resistant,19.49662633537162,147.89055234755793,49.934985691144014,38.000374582346375,68.19688753975277,3D Scanning,2024-11-11,5,5,Amelia Clark
CUST0343,34,Male,Heart,Single Vision,Metal,Black,Scratch Resistant,18.9094827587597,149.10178312984215,52.85861230273888,37.385420139845316,61.514565953968656,AI Customization,2024-08-25,7,4,Alexander Lee
CUST0344,60,Other,Round,Blue Light Blocking,Plastic,Tortoise,UV Protection,14.545048517050514,135.3661879716032,51.28346078219581,34.729870245282974,68.95369125915667,AI Customization,2024-08-31,6,2,Emma Allen
CUST0345,18,Male,Square,Single Vision,Titanium,Blue,UV Protection,14.038155721694675,144.66135890676847,54.594222508793735,30.09742291097397,56.80810792779027,3D Scanning,2024-09-12,15,4,Addison King
CUST0346,47,Other,Square,Single Vision,Titanium,Gold,UV Protection,14.87628359306972,137.45244306548898,54.93458129347637,34.215206690102654,66.55585086644265,3D Scanning,2024-09-07,14,3,Layla Edwards
CUST0347,36,Male,Heart,Blue Light Blocking,Titanium,Gold,UV Protection,22.238973070831612,136.8544544552072,49.52394962054133,31.344716846612226,66.21517985903984,AI Customization,2024-10-12,9,5,Benjamin Cook
CUST0348,61,Female,Oval,Single Vision,Titanium,Blue,UV Protection,20.25090953709301,132.27663999807498,53.66861892972093,38.93270409475192,67.74217250968907,AI Customization,2024-09-03,11,5,Lucy Williams
CUST0349,52,Female,Square,Progressive,Plastic,Silver,Anti-Reflective,18.803283974504083,138.0050045195684,56.07699764641622,36.30651984490506,68.92979748674867,3D Scanning,2024-11-14,12,5,Lillian Turner
CUST0350,28,Other,Heart,Blue Light Blocking,Plastic,Black,Scratch Resistant,14.969868974814988,139.13077373382941,57.586589219295035,35.339825877589014,64.50830654547572,3D Scanning,2024-10-08,7,1,Addison Johnson
CUST0351,22,Female,Oval,Progressive,Metal,Gold,UV Protection,16.069529829236284,146.7141669073277,49.6863951090598,33.15727247188486,64.482904305587,AI Customization,2024-09-13,8,3,Liam Garcia
CUST0352,46,Female,Round,Progressive,Metal,Silver,Scratch Resistant,20.381906590745707,143.79804862300628,51.13214780734294,34.866201974454086,55.811919231502344,3D Scanning,2024-08-13,7,4,Grace Nguyen
CUST0353,40,Other,Oval,Blue Light Blocking,Plastic,Tortoise,UV Protection,23.770576959992653,139.56490021942543,55.85660112064523,32.50974033490855,62.86575027270417,AI Customization,2024-11-19,15,2,Ethan Jones
CUST0354,55,Female,Round,Single Vision,Metal,Gold,Anti-Reflective,18.735706511420688,138.43479642999864,55.121991272256984,38.58501982449252,59.78974810316373,AI Customization,2024-09-21,9,4,Dylan Mitchell
CUST0355,37,Female,Heart,Progressive,Plastic,Tortoise,Anti-Reflective,15.155089237418279,147.72247773362838,54.40838544339866,30.477093040824077,63.4736934098877,3D Scanning,2024-09-23,13,3,Dylan Hill
CUST0356,58,Female,Oval,Progressive,Titanium,Silver,Anti-Reflective,21.84876573066915,133.3355745841647,50.766798350223155,30.989747992943464,59.90247441482562,AI Customization,2024-09-16,12,4,Layla Rogers
CUST0357,45,Male,Heart,Progressive,Metal,Tortoise,Anti-Reflective,18.709444529495897,132.6502315247312,51.594859997503896,31.633418802919714,65.46652978891103,3D Scanning,2024-09-21,11,3,Audrey Garcia
CUST0358,62,Other,Round,Blue Light Blocking,Plastic,Silver,Scratch Resistant,22.94877483405471,144.52822224179602,54.79580179847574,32.15467324955896,57.297962239070216,3D Scanning,2024-09-08,8,1,Henry Reed
CUST0359,34,Male,Square,Single Vision,Titanium,Tortoise,Anti-Reflective,16.650043971176213,149.63138341046377,51.315629502973394,32.54289682779755,65.10452863554417,AI Customization,2024-08-19,7,3,Julian Lee
CUST0360,47,Female,Square,Single Vision,Titanium,Black,Scratch Resistant,20.418663825402113,146.88699694862893,52.79953970483306,38.38971708937453,69.96050954530567,AI Customization,2024-10-09,14,3,Lucas Rodriguez
CUST0361,37,Female,Round,Blue Light Blocking,Titanium,Gold,UV Protection,17.875271170204968,132.07426211476738,52.45357973566216,30.963018868107707,69.56560367110553,3D Scanning,2024-09-28,5,3,Victoria Bailey
CUST0362,30,Male,Square,Blue Light Blocking,Plastic,Gold,UV Protection,17.710205248407476,148.2245352254436,55.747669615259156,37.44593220462326,66.29260304515796,AI Customization,2024-10-06,14,3,Hannah Rodriguez
CUST0363,42,Female,Square,Single Vision,Plastic,Silver,Anti-Reflective,17.814451871022705,139.65349701080692,52.86971382436691,32.597691220116765,63.62882280775115,AI Customization,2024-10-14,7,4,Carter Rogers
CUST0364,48,Other,Oval,Blue Light Blocking,Plastic,Tortoise,Scratch Resistant,15.865829411579316,141.37886862134832,49.08832636295037,33.60306580069289,56.35124428817097,3D Scanning,2024-10-14,12,5,Julian Morris
CUST0365,24,Other,Oval,Blue Light Blocking,Titanium,Blue,UV Protection,14.446169246978757,138.76325610000796,54.455516040818964,35.574914882469514,61.47903505226035,AI Customization,2024-10-30,14,1,Savannah Gomez
CUST0366,33,Other,Square,Blue Light Blocking,Titanium,Gold,UV Protection,18.39740422852769,142.22646316584212,48.819736930861545,38.10015881491563,66.79552447732416,3D Scanning,2024-11-16,6,2,Wyatt Parker
CUST0367,42,Female,Oval,Single Vision,Titanium,Tortoise,UV Protection,16.63400809662359,145.58328589180095,50.80615939637375,33.441402764606124,57.220186009875206,AI Customization,2024-08-24,15,4,Harper Turner
CUST0368,54,Other,Round,Single Vision,Plastic,Tortoise,UV Protection,22.37078752134457,142.2271683855081,56.264436732232696,34.11760904798191,60.04252267061305,AI Customization,2024-09-05,9,4,Audrey Garcia
CUST0369,40,Other,Oval,Progressive,Plastic,Black,Anti-Reflective,19.642465879145217,147.25151549048186,56.912970389322794,33.51090489829843,62.13781981596059,AI Customization,2024-08-17,10,4,Lucas Nguyen
CUST0370,54,Female,Oval,Single Vision,Metal,Blue,Anti-Reflective,15.511306744235391,147.5990049300397,49.96431929344197,36.79585851454113,66.17972557052721,3D Scanning,2024-10-13,11,3,Mason Gomez
CUST0371,36,Male,Oval,Single Vision,Titanium,Gold,Anti-Reflective,20.964709510465596,144.54557269415923,55.33544617044448,36.055760323923685,63.22228607526324,AI Customization,2024-08-19,5,2,Logan Baker
CUST0372,62,Male,Heart,Progressive,Plastic,Black,UV Protection,14.967026210256465,147.83525602976312,54.266188850735304,35.768537564269785,58.93836964872617,3D Scanning,2024-09-09,13,4,Daniel Morris
CUST0373,36,Female,Round,Progressive,Metal,Blue,Anti-Reflective,20.681411738976195,139.66159312730997,55.274253672018645,36.498654831136086,60.9779055604886,3D Scanning,2024-10-18,8,4,Nathan Ramirez
CUST0374,19,Other,Square,Single Vision,Metal,Gold,UV Protection,22.081801574040128,139.76245553984307,56.92105184634256,35.38438254405102,61.51736666714681,AI Customization,2024-11-13,8,2,Logan Bailey
CUST0375,60,Male,Square,Blue Light Blocking,Titanium,Black,Anti-Reflective,18.139866528712624,147.75187856127087,56.49587272906142,39.79373133035817,65.4680577438744,3D Scanning,2024-09-01,6,5,Nathan Young
CUST0376,43,Male,Heart,Progressive,Titanium,Blue,Anti-Reflective,21.564568861553553,138.81375760525052,54.31626494461255,32.84608731829442,66.43049379455344,3D Scanning,2024-09-21,13,5,Wyatt Roberts
CUST0377,35,Male,Oval,Single Vision,Plastic,Gold,Scratch Resistant,16.27512758624568,131.2667209299822,56.126423998317904,33.25090286681002,62.213837529640216,3D Scanning,2024-09-07,6,1,Elijah Hernandez
CUST0378,18,Female,Round,Single Vision,Metal,Blue,Scratch Resistant,14.609837460577277,143.0994713774678,53.78900787272561,35.10444525536103,57.9716279157841,AI Customization,2024-10-30,14,2,Ava Lopez
CUST0379,54,Male,Round,Progressive,Titanium,Tortoise,UV Protection,17.871060968816668,130.24720425971867,55.69200254902514,37.7474436712657,60.929782053706994,3D Scanning,2024-09-08,10,2,Elijah King
CUST0380,61,Male,Square,Blue Light Blocking,Titanium,Silver,UV Protection,19.225822733240726,147.3666454371704,50.12760686176297,34.46930117082837,63.56996024356402,AI Customization,2024-11-14,13,3,Lily Mitchell
CUST0381,65,Female,Heart,Blue Light Blocking,Metal,Silver,UV Protection,23.656277040803015,140.4963582407726,48.366563093035964,30.78407521404855,63.41751414716208,3D Scanning,2024-08-28,13,4,Harper Morris
CUST0382,21,Female,Heart,Single Vision,Titanium,Tortoise,Scratch Resistant,20.87067932388887,144.8724762464537,50.606163214405576,36.13663772393193,69.95618150409324,3D Scanning,2024-10-14,8,5,Liam Turner
CUST0383,56,Female,Heart,Progressive,Metal,Blue,Anti-Reflective,23.363614356132178,144.47547086551967,56.93985934546055,34.637520807364,62.863716734153684,AI Customization,2024-08-18,12,3,Zoey Hill
CUST0384,65,Male,Heart,Progressive,Metal,Tortoise,Scratch Resistant,19.72714290631219,134.47969838647478,53.3967711681205,39.56594430989387,58.63472637589767,AI Customization,2024-09-02,15,1,Penelope Rodriguez
CUST0385,49,Male,Round,Progressive,Titanium,Silver,Anti-Reflective,16.35642019482421,149.1152286037571,54.53908139282444,38.68257650491413,58.99385636040254,AI Customization,2024-11-17,15,5,Grace Collins
CUST0386,36,Female,Oval,Blue Light Blocking,Metal,Silver,UV Protection,16.988521090072023,147.46287127409886,49.486329836086824,36.40580652711668,61.45098596700411,AI Customization,2024-10-15,8,4,Joseph Evans
CUST0387,32,Other,Square,Blue Light Blocking,Metal,Blue,Scratch Resistant,17.94804365208575,140.3819935803269,51.924983458467324,39.2856666697106,65.27106958524936,3D Scanning,2024-09-19,9,1,Caleb Young
CUST0388,56,Female,Round,Blue Light Blocking,Plastic,Silver,UV Protection,22.539398216776974,143.76483286925856,56.914375437210865,34.21816487843345,63.640273558675645,3D Scanning,2024-11-10,5,1,Alexander Hernandez
CUST0389,40,Male,Heart,Progressive,Metal,Tortoise,Anti-Reflective,14.347284935571363,142.36478032100828,53.896007547767965,36.12310138133448,56.68794807103435,3D Scanning,2024-11-04,8,4,Matthew Evans
CUST0390,32,Male,Heart,Single Vision,Titanium,Blue,Anti-Reflective,19.71219935271554,138.65695814217824,56.57164154134684,34.04772720105207,61.203730786987464,3D Scanning,2024-09-17,6,3,Isaac Hill
CUST0391,58,Female,Square,Blue Light Blocking,Metal,Tortoise,Scratch Resistant,19.168173968825513,144.533039368477,49.338812594466,39.07073051268936,60.479014666561916,3D Scanning,2024-11-11,7,4,Eleanor Green
CUST0392,30,Other,Oval,Progressive,Metal,Blue,Scratch Resistant,19.714854052479183,139.6385935464128,53.011231713772716,30.791119274646004,57.85734612353947,AI Customization,2024-10-16,15,2,Emma Cook
CUST0393,57,Other,Oval,Progressive,Titanium,Silver,Scratch Resistant,23.827547641118848,143.27421287839047,48.90554024255165,33.4362548759742,60.1678736426544,AI Customization,2024-10-19,12,5,Dylan Nguyen
CUST0394,34,Male,Oval,Single Vision,Metal,Gold,UV Protection,15.474476540109654,142.82808905614564,51.63865558074171,33.13482063389407,64.83114786716627,3D Scanning,2024-11-04,12,4,Olivia Bailey
CUST0395,61,Other,Heart,Single Vision,Metal,Blue,Anti-Reflective,23.49254816451585,132.97308904514207,48.10591683258701,36.530130974304406,66.54521938094707,3D Scanning,2024-09-03,7,5,Layla Brown
CUST0396,64,Other,Round,Progressive,Metal,Blue,Scratch Resistant,18.490397361880465,146.5287564036763,50.388808045385915,37.10433485116604,57.53882896017118,AI Customization,2024-10-16,7,2,Penelope Rogers
CUST0397,60,Other,Round,Single Vision,Titanium,Gold,UV Protection,23.490614830282926,147.8412376326012,57.64000268329233,36.053849730241616,60.245745995963475,3D Scanning,2024-10-16,15,2,Lucas Allen
CUST0398,61,Female,Oval,Blue Light Blocking,Plastic,Silver,UV Protection,15.671647874427205,142.25828022577855,57.81853199109703,33.9545532518065,67.3237607989638,3D Scanning,2024-10-19,5,2,Gabriel Ramirez
CUST0399,26,Male,Square,Progressive,Plastic,Tortoise,UV Protection,16.11890159610366,130.23289734771828,54.8416165684047,38.8769180659129,67.04194036597872,AI Customization,2024-11-19,5,4,Ethan Rivera
CUST0400,58,Female,Oval,Blue Light Blocking,Metal,Black,Anti-Reflective,15.92726084040001,148.6874284084033,55.57206071273511,37.809740369230994,64.34773234417496,AI Customization,2024-08-18,15,3,Penelope Hill
